,steamId,title,history_link,required_age,is_free,category.2,category.22,category.29,category.13,category.35,category.18,category.41,category.42,genre.1,genre.25,genre.3,developer.Ubisoft_Quebec,developer.Ubisoft_Montreal,developer.Ubisoft_Bucharest,developer.Ubisoft_Singapore,developer.Ubisoft_Montpellier,developer.Ubisoft_Kiev,developer.Ubisoft_Shanghai,publisher.Ubisoft,supported_language.English,supported_language.French,supported_language.Italian,supported_language.German,supported_language.Spanish_-_Spain,supported_language.Arabic,supported_language.Czech,supported_language.Dutch,supported_language.Japanese,supported_language.Korean,supported_language.Polish,supported_language.Portuguese_-_Brazil,supported_language.Russian,supported_language.Simplified_Chinese,supported_language.Traditional_Chinese,category.1,category.49,category.36,category.9,category.38,developer.Rockstar_Games,publisher.Rockstar_Games,supported_language.английский,supported_language.французский,supported_language.итальянский,supported_language.немецкий,supported_language.испанский,supported_language.японский,supported_language.корейский,supported_language.польский,supported_language.португальский,supported_language.русский,supported_language.китайский_(упр.),supported_language.испанский_Лат._Ам.,supported_language.китайский_(трад.)озвучивание_доступно_на_этих_языках,genre.4,genre.23,developer.Eugene_Zubko,publisher.Eugene_Zubko,supported_language.Ukrainian,category.23,developer.Veewo_Games,publisher.Team17,publisher.Yooreka_Studio_(China),developer.CD_PROJEKT_RED,publisher.CD_PROJEKT_RED,supported_language.英語,supported_language.フランス語,supported_language.イタリア語,supported_language.ドイツ語,supported_language.スペイン語_-_スペイン,supported_language.アラビア語,supported_language.チェコ語,supported_language.ハンガリー語,supported_language.日本語,supported_language.韓国語,supported_language.ポーランド語,supported_language.ポルトガル語_-_ブラジル,supported_language.ロシア語,supported_language.中国語_(簡体字),supported_language.スペイン語_-_ラテンアメリカ,supported_language.タイ語,supported_language.中国語_(繁体字),supported_language.トルコ語フル音声対応言語,controller_support,category.28,developer.Guerrilla,publisher.PlayStation_PC_LLC,supported_language.Danish,supported_language.Finnish,supported_language.Norwegian,supported_language.Portuguese,supported_language.Spanish_-_Latin_America,supported_language.Swedish,category.43,developer.Supergiant_Games,publisher.Supergiant_Games,"developer.FromSoftware,_Inc.","publisher.FromSoftware,_Inc.",publisher.BANDAI_NAMCO_Entertainment,developer.Obsidian_Entertainment,publisher.Private_Division,"developer.CAPCOM_Co.,_Ltd.","publisher.CAPCOM_Co.,_Ltd.",supported_language.Thai,genre.28,genre.2,developer.Gamious,publisher.Gamious,supported_language.Hungarian,supported_language.Turkish,developer.ZA/UM,publisher.ZA/UM,category.44,developer.Campo_Santo,publisher.Panic,publisher.Campo_Santo,category.30,developer.Ludeon_Studios,publisher.Ludeon_Studios,supported_language.Romanian,category.25,developer.Hopoo_Games,publisher.Gearbox_Publishing,category.48,category.17,developer.Worldwalker_Games_LLC,publisher.Worldwalker_Games_LLC,publisher.WhisperGames,developer.Heekdevelopment,publisher.Heekdevelopment,developer.Crytek,publisher.Crytek,category.37,category.24,developer.Arc_System_Works,"publisher.H2_Interactive_Co.,_Ltd.",developer.Warm_Lamp_Games,publisher.Alawar_Premium,genre.70,developer.TaleWorlds_Entertainment,publisher.TaleWorlds_Entertainment,developer.Gearbox_Software,developer.BioWare,publisher.Electronic_Arts,supported_language.Englisch,supported_language.Französisch,supported_language.Italienisch,supported_language.Deutsch,supported_language.Spanisch_–_Spanien,supported_language.Japanisch,supported_language.Polnisch,supported_language.RussischSprachen_mit_voller_Audiounterstützung,category.39,developer.ConcernedApe,publisher.ConcernedApe,developer.Daniel_Mullins_Games,publisher.Devolver_Digital,developer.Mediatonic,publisher.The_Irregular_Corporation,developer.Arkane_Studios,publisher.Bethesda_Softworks,developer.Double_Fine_Productions,developer.Shiny_Shoe,publisher.Double_Fine_Productions,developer.QLOC,"publisher.FromSoftware,_Inc",developer.DICE,developer.10_Chambers,publisher.10_Chambers,developer.KOJIMA_PRODUCTIONS,publisher.505_Games,supported_language.Greek,developer.Square_Enix,developer.Toylogic_Inc.,publisher.Square_Enix,developer.Brave_At_Night,publisher.No_More_Robots,developer.Hazelight,developer.Empyrean,publisher.Frozen_District,publisher.PlayWay_S.A.,developer.NotGames,publisher.tinyBuild,developer.Mobius_Digital,publisher.Annapurna_Interactive,developer.Eidos-Montréal,category.27,publisher.2K,developer.Klei_Entertainment,publisher.Klei_Entertainment,developer.Apogee_Software,publisher.Apogee_Entertainment,developer.Behaviour_Interactive_Inc.,publisher.Behaviour_Interactive_Inc.,developer.Berserk_Games,publisher.Berserk_Games,developer.PanicBarn,developer.BANDAI_NAMCO_Studios_Inc.,developer.Bend_Studio,developer.Respawn_Entertainment,category.15,developer.New_World_Interactive,publisher.Focus_Home_Interactive,developer.Coffee_Stain_Studios,publisher.Coffee_Stain_Publishing,supported_language.Vietnamese,developer.FakeFish,developer.Undertow_Games,publisher.Daedalic_Entertainment,category.21,developer.IronOak_Games,publisher.Curve_Games,developer.Hello_Games,publisher.Hello_Games,"developer.KOEI_TECMO_GAMES_CO.,_LTD.","publisher.KOEI_TECMO_GAMES_CO.,_LTD.",developer.Turtle_Rock_Studios,publisher.Warner_Bros._Games,publisher.Warner_Bros._Interactive_Entertainment,developer.Motion_Twin,publisher.Motion_Twin,developer.ACQUIRE_Corp.,publisher.Arc_System_Works,"developer.Nicalis,_Inc.",developer.Edmund_McMillen,"publisher.Nicalis,_Inc.",developer.Invisible_Walls,publisher.Versus_Evil,developer.Acid_Nerve,developer.YS_Net,publisher.Deep_Silver,developer.Unknown_Worlds_Entertainment,publisher.Unknown_Worlds_Entertainment,developer.Rare_Ltd,publisher.Xbox_Game_Studios,developer.Cellar_Door_Games,publisher.Cellar_Door_Games,developer.Relic_Entertainment,developer.World's_Edge,developer.Paradox_Development_Studio,publisher.Paradox_Interactive,supported_language.英语,supported_language.法语,supported_language.德语,supported_language.西班牙语_-_西班牙,supported_language.俄语,supported_language.简体中文,supported_language.韩语具有完全音频支持的语言,developer.Bethesda_Game_Studios,genre.9,developer.Shedworks,publisher.Raw_Fury,developer.Quantic_Dream,publisher.Quantic_Dream,developer.Hangar_13,genre.29,developer.Black_Matter_Pty_Ltd,developer.Maxis,developer.Invent4_Entertainment,publisher.Strategy_First,developer.Owlcat_Games,publisher.META_Publishing,publisher.Owlcat_Games,number_of_demos,num_of_game_videos,num_of_packages_game_is_in,metacritic_score,windows_supported,mac_supported,linux_supported,total_steam_recommendations,num_of_dlc
0,812140,Assassin's Creed Odyssey,https://isthereanydeal.com/game/assassinscreedodyssey/history/,0,False,True,True,True,True,True,True,True,True,True,True,True,True,True,True,True,True,True,True,True,True,True,True,True,True,True,True,True,True,True,True,True,True,True,True,,,,,,,,,,,,,,,,,,,,,,,,,,,,,,,,,,,,,,,,,,,,,,,,,,,,,,,,,,,,,,,,,,,,,,,,,,,,,,,,,,,,,,,,,,,,,,,,,,,,,,,,,,,,,,,,,,,,,,,,,,,,,,,,,,,,,,,,,,,,,,,,,,,,,,,,,,,,,,,,,,,,,,,,,,,,,,,,,,,,,,,,,,,,,,,,,,,,,,,,,,,,,,,,,,,,,,,,,,,,,,,,,,,,,,,3.0,,,True,False,False,99830.0,3
1,1174180,Red Dead Redemption 2,https://isthereanydeal.com/game/reddeadredemptionii/history/,0,False,True,True,,,True,True,True,True,True,True,,,,,,,,,,,,,,,,,,,,,,,,,True,True,True,True,True,True,True,True,True,True,True,True,True,True,True,True,True,True,True,True,,,,,,,,,,,,,,,,,,,,,,,,,,,,,,,,,,,,,,,,,,,,,,,,,,,,,,,,,,,,,,,,,,,,,,,,,,,,,,,,,,,,,,,,,,,,,,,,,,,,,,,,,,,,,,,,,,,,,,,,,,,,,,,,,,,,,,,,,,,,,,,,,,,,,,,,,,,,,,,,,,,,,,,,,,,,,,,,,,,,,,,,,,,,,,,,,,,,,,,,,,,,,,,,,,,2.0,,0.93,True,False,False,204950.0,0
2,1448030,Press Any Button,https://isthereanydeal.com/game/pressanybutton/history/,0,True,True,True,,,,,,,,,,,,,,,,,,True,,,,True,,,,,,,,True,,,,,,,,,,,,,,,,,,,,,,,True,True,True,True,True,,,,,,,,,,,,,,,,,,,,,,,,,,,,,,,,,,,,,,,,,,,,,,,,,,,,,,,,,,,,,,,,,,,,,,,,,,,,,,,,,,,,,,,,,,,,,,,,,,,,,,,,,,,,,,,,,,,,,,,,,,,,,,,,,,,,,,,,,,,,,,,,,,,,,,,,,,,,,,,,,,,,,,,,,,,,,,,,,,,,,,,,,,,,,,,,,,,,,,,,,,,,,,1.0,,,True,False,False,,1
3,788100,Neon Abyss,https://isthereanydeal.com/game/neonabyss/history/,0,False,True,True,True,,,True,True,True,True,True,True,,,,,,,,,True,True,True,True,True,,,,True,,,,True,True,True,,,,,,,,,,,,,,,,,,,,,,True,,,,True,True,True,True,,,,,,,,,,,,,,,,,,,,,,,,,,,,,,,,,,,,,,,,,,,,,,,,,,,,,,,,,,,,,,,,,,,,,,,,,,,,,,,,,,,,,,,,,,,,,,,,,,,,,,,,,,,,,,,,,,,,,,,,,,,,,,,,,,,,,,,,,,,,,,,,,,,,,,,,,,,,,,,,,,,,,,,,,,,,,,,,,,,,,,,,,,,,,,,,,,,,,,,,,1.0,3.0,,,True,False,False,12436.0,3
4,1091500,Cyberpunk 2077,https://isthereanydeal.com/game/cyberpunkii0viivii/history/,0,False,True,True,True,,,True,,,,,True,,,,,,,,,,,,,,,,,,,,,,,,,,,,,,,,,,,,,,,,,,,,,,,,,True,,,,True,True,True,True,True,True,True,True,True,True,True,True,True,True,True,True,True,True,True,True,,,,,,,,,,,,,,,,,,,,,,,,,,,,,,,,,,,,,,,,,,,,,,,,,,,,,,,,,,,,,,,,,,,,,,,,,,,,,,,,,,,,,,,,,,,,,,,,,,,,,,,,,,,,,,,,,,,,,,,,,,,,,,,,,,,,,,,,,,,,,,,,,,,,,,,,,,,,,,,,,,,,,,,,,,,,,,,,,,,,,,11.0,,0.86,True,False,False,419464.0,0
5,1151640,Horizon Zero Dawn™ Complete Edition,https://isthereanydeal.com/game/horizonzerodawncompleteedition/history/,16,False,True,True,,,,,,True,True,True,True,,,,,,,,,True,True,True,True,True,True,,True,True,True,True,True,True,True,True,,,,,,,,,,,,,,,,,,,,,,,,,,True,,,,,,,,,,,,,,,,,,,,,,,,full,True,True,True,True,True,True,True,True,True,,,,,,,,,,,,,,,,,,,,,,,,,,,,,,,,,,,,,,,,,,,,,,,,,,,,,,,,,,,,,,,,,,,,,,,,,,,,,,,,,,,,,,,,,,,,,,,,,,,,,,,,,,,,,,,,,,,,,,,,,,,,,,,,,,,,,,,,,,,,,,,,,,,,,,,,,,,,,,,,,,,,,,,,,,,,3.0,,,True,False,False,48525.0,0
6,1145360,Hades,https://isthereanydeal.com/game/hades/history/,0,False,True,,True,True,,,True,True,True,,True,,,,,,,,,True,True,True,True,True,,,,True,True,True,True,True,True,,,,,,,,,,,,,,,,,,,,,,,True,,,,True,,,,,,,,,,,,,,,,,,,,,,,,full,True,,,,,,,,,True,True,True,,,,,,,,,,,,,,,,,,,,,,,,,,,,,,,,,,,,,,,,,,,,,,,,,,,,,,,,,,,,,,,,,,,,,,,,,,,,,,,,,,,,,,,,,,,,,,,,,,,,,,,,,,,,,,,,,,,,,,,,,,,,,,,,,,,,,,,,,,,,,,,,,,,,,,,,,,,,,,,,,,,,,,,,,3.0,,0.93,True,True,False,157900.0,1
7,374320,Dark Souls III,https://isthereanydeal.com/game/darksoulsiii/history/,0,False,True,True,True,,,,True,True,True,,,,,,,,,,,True,True,True,True,True,,,,True,True,True,True,True,True,True,True,,,True,,,,,,,,,,,,,,,,,,,,,,,,,,,,,,,,,,,,,,,,,,,,,,full,True,,,,,,,,,True,,,True,True,True,,,,,,,,,,,,,,,,,,,,,,,,,,,,,,,,,,,,,,,,,,,,,,,,,,,,,,,,,,,,,,,,,,,,,,,,,,,,,,,,,,,,,,,,,,,,,,,,,,,,,,,,,,,,,,,,,,,,,,,,,,,,,,,,,,,,,,,,,,,,,,,,,,,,,,,,,,,,,,,,,,,,,,4.0,,0.89,True,False,False,195314.0,3
8,578650,The Outer Worlds,https://isthereanydeal.com/game/outerworlds/history/,18,False,True,True,True,,,,,True,,,True,,,,,,,,,True,True,True,True,True,,,,True,True,True,True,True,True,,,,,,,,,,,,,,,,,,,,,,,,,,,True,,,,,,,,,,,,,,,,,,,,,,,,full,True,,,,,,,,,True,,,,,,True,True,,,,,,,,,,,,,,,,,,,,,,,,,,,,,,,,,,,,,,,,,,,,,,,,,,,,,,,,,,,,,,,,,,,,,,,,,,,,,,,,,,,,,,,,,,,,,,,,,,,,,,,,,,,,,,,,,,,,,,,,,,,,,,,,,,,,,,,,,,,,,,,,,,,,,,,,,,,,,,,,,,,,2.0,,0.82,True,False,False,14351.0,4
9,1196590,Resident Evil Village,https://isthereanydeal.com/game/residentevilvillage/history/,18,False,True,True,True,,,,,,True,,,,,,,,,,,True,True,True,True,True,True,,,True,True,,True,True,True,True,,,,,,,,,,,,,,,,,,,,,,,,,,True,,,,,,,,,,,,,,,,,,,,,,,,full,True,,,,,,,,,,,,,,,,,True,True,True,,,,,,,,,,,,,,,,,,,,,,,,,,,,,,,,,,,,,,,,,,,,,,,,,,,,,,,,,,,,,,,,,,,,,,,,,,,,,,,,,,,,,,,,,,,,,,,,,,,,,,,,,,,,,,,,,,,,,,,,,,,,,,,,,,,,,,,,,,,,,,,,,,,,,,,,,,,,,,,,1.0,4.0,,0.83,True,False,False,44754.0,5
10,361280,Turmoil,https://isthereanydeal.com/game/turmoil/history/,0,False,True,True,True,,,,,,,,,,,,,,,,,True,True,True,True,True,,,True,True,True,True,True,True,True,,,,,,,,,,,,,,,,,,,,,,,True,,,,True,,,,,,,,,,,,,,,,,,,,,,,,,,,,,,,,,,,,,,,,,,,,,True,True,True,True,True,True,,,,,,,,,,,,,,,,,,,,,,,,,,,,,,,,,,,,,,,,,,,,,,,,,,,,,,,,,,,,,,,,,,,,,,,,,,,,,,,,,,,,,,,,,,,,,,,,,,,,,,,,,,,,,,,,,,,,,,,,,,,,,,,,,,,,,,,,,,,,,,,,,,,,,,,,,,,3.0,,0.73,True,True,True,7470.0,2
11,632470,Disco Elysium,https://isthereanydeal.com/game/discoelysium/history/,0,False,True,True,True,,,,,True,,,True,,,,,,,,,True,True,,True,True,,,,,True,True,True,True,True,True,,,,,,,,,,,,,,,,,,,,,,,,,,True,,,,,,,,,,,,,,,,,,,,,,,,full,True,,,,,,,,,,,,,,,,,,,,,,,,,,True,True,,,,,,,,,,,,,,,,,,,,,,,,,,,,,,,,,,,,,,,,,,,,,,,,,,,,,,,,,,,,,,,,,,,,,,,,,,,,,,,,,,,,,,,,,,,,,,,,,,,,,,,,,,,,,,,,,,,,,,,,,,,,,,,,,,,,,,,,,,,,,,,,,,,,,,,,,3.0,,0.97,True,True,False,43191.0,2
12,383870,Firewatch,https://isthereanydeal.com/game/firewatch/history/,0,False,True,True,True,,,,True,True,,True,,,,,,,,,,True,True,,True,True,,,,True,,,,True,True,,,,,,,,,,,,,,,,,,,,,,,True,,,,True,,,,,,,,,,,,,,,,,,,,,,,,full,True,,,,,,,,,True,,,,,,,,,,,,,,,,,,,True,True,True,True,,,,,,,,,,,,,,,,,,,,,,,,,,,,,,,,,,,,,,,,,,,,,,,,,,,,,,,,,,,,,,,,,,,,,,,,,,,,,,,,,,,,,,,,,,,,,,,,,,,,,,,,,,,,,,,,,,,,,,,,,,,,,,,,,,,,,,,,,,,,,,,,,,,,,6.0,,0.81,True,True,True,50962.0,1
13,294100,RimWorld,https://isthereanydeal.com/game/rimworld/history/,0,False,True,,,,,,,True,,,,,,,,,,,,True,True,True,True,True,,True,True,True,True,True,True,True,True,True,,,,,,,,,,,,,,,,,,,,,,True,,,True,True,,,,,,,,,,,,,,,,,,,,,,,,,,,,True,True,True,True,,True,,,,,,,,,,,,True,True,,,True,True,,,,,,,True,True,True,True,,,,,,,,,,,,,,,,,,,,,,,,,,,,,,,,,,,,,,,,,,,,,,,,,,,,,,,,,,,,,,,,,,,,,,,,,,,,,,,,,,,,,,,,,,,,,,,,,,,,,,,,,,,,,,,,,,,,,,,,,,,,,,,,,,,,,,,,,,,,,,,,,2.0,,0.87,True,True,True,100458.0,5
14,632360,Risk of Rain 2,https://isthereanydeal.com/game/riskofrainii/history/,0,False,True,,,,,,True,True,True,,,,,,,,,,,True,True,True,True,True,,,,True,True,,True,True,True,,True,True,True,True,True,,,,,,,,,,,,,,,,,True,,,,True,,,,,,,,,,,,,,,,,,,,,,,,full,True,,,,,,,,,True,,,,,,,,,,,,,,,,True,,,,,,,,,,,True,True,True,,,,,,,,,,,,,,,,,,,,,,,,,,,,,,,,,,,,,,,,,,,,,,,,,,,,,,,,,,,,,,,,,,,,,,,,,,,,,,,,,,,,,,,,,,,,,,,,,,,,,,,,,,,,,,,,,,,,,,,,,,,,,,,,,,,,,,,,,,,,,,3.0,,0.85,True,False,False,116110.0,2
15,763890,Wildermyth,https://isthereanydeal.com/game/wildermyth/history/,0,False,True,True,,,,True,,,,,True,,,,,,,,,True,,,,,,,,,,,,,True,,True,,,True,True,,,,,,,,,,,,,,,,,True,,,,True,,,,,,,,,,,,,,,,,,,,,,,,,,,,,,,,,,,,,,,,,,,,,,True,,,,,,,True,,,,True,,,,,,,True,True,True,True,True,,,,,,,,,,,,,,,,,,,,,,,,,,,,,,,,,,,,,,,,,,,,,,,,,,,,,,,,,,,,,,,,,,,,,,,,,,,,,,,,,,,,,,,,,,,,,,,,,,,,,,,,,,,,,,,,,,,,,,,,,,,,,,,,,,,,,,,,,3.0,,0.87,True,True,True,9489.0,0
16,879850,Box: The Game,https://isthereanydeal.com/game/boxgame/history/,0,False,True,,,,,True,,,,,,,,,,,,,,True,,,,,,,,,,,,,,,,,,,,,,,,,,,,,,,,,,,True,True,,,,,,,,,,,,,,,,,,,,,,,,,,,,,,,,,,,,,,,,,,,,,,,,,,,,,,,,,,,,,,,,,,,,,,,,,True,True,,,,,,,,,,,,,,,,,,,,,,,,,,,,,,,,,,,,,,,,,,,,,,,,,,,,,,,,,,,,,,,,,,,,,,,,,,,,,,,,,,,,,,,,,,,,,,,,,,,,,,,,,,,,,,,,,,,,,,,,,,,,,,,,,,,,,,1.0,1.0,,,True,False,False,,0
17,594650,Hunt: Showdown,https://isthereanydeal.com/game/huntshowdown/history/,18,False,,True,True,,True,,,True,True,,,,,,,,,,,True,True,True,True,True,,,,True,,True,True,True,True,,True,True,True,True,True,,,,,,,,,,,,,,,,,,,,,,,,,,,,,,,,,,,,,,,,,,,,,full,True,,,,,,,,,True,,,,,,,,,,,,,,,,True,,,,,,,,,,,True,,,,,,,,,,True,True,,,,,,,,,,,,,,,,,,,,,,,,,,,,,,,,,,,,,,,,,,,,,,,,,,,,,,,,,,,,,,,,,,,,,,,,,,,,,,,,,,,,,,,,,,,,,,,,,,,,,,,,,,,,,,,,,,,,,,,,,,,,,,,,,,,,,5.0,,0.81,True,False,False,87441.0,28
18,586140,BlazBlue Centralfiction,https://isthereanydeal.com/game/blazbluecentralfiction/history/,0,False,True,True,True,,,,,,True,,,,,,,,,,,True,,,,,,,,True,True,,,,True,True,True,True,True,,,,,,,,,,,,,,,,,,,,,,,True,,,,,,,,,,,,,,,,,,,,,,,,full,True,,,,,,,,,,,,,,,,,,,,,,,,,,,,True,,,,,,,,,,,,,,,,,,,,True,True,True,True,,,,,,,,,,,,,,,,,,,,,,,,,,,,,,,,,,,,,,,,,,,,,,,,,,,,,,,,,,,,,,,,,,,,,,,,,,,,,,,,,,,,,,,,,,,,,,,,,,,,,,,,,,,,,,,,,,,,,,,,,,,,,,,,,2.0,,,True,False,False,5448.0,1
19,475550,Beholder,https://isthereanydeal.com/game/beholder/history/,1,False,True,True,True,,,,,,,True,,,,,,,,,,True,True,True,True,True,,,True,True,True,True,True,True,True,True,,,,,,,,,,,,,,,,,,,,,,True,,,,True,,,,,,,,,,,,,,,,,,,,,,,,full,True,,,,,,,,,,,,,,,,,,,,,True,,,,True,,,,,,,,,,,,,,,,,,,,,,,,,,,True,True,,,,,,,,,,,,,,,,,,,,,,,,,,,,,,,,,,,,,,,,,,,,,,,,,,,,,,,,,,,,,,,,,,,,,,,,,,,,,,,,,,,,,,,,,,,,,,,,,,,,,,,,,,,,,,,,,,,,,,,,,,,,,,,2.0,,0.75,True,True,True,15501.0,2
20,261550,Mount & Blade II: Bannerlord,https://isthereanydeal.com/game/mountandbladeiibannerlord/history/,0,False,True,,,,,True,,True,True,,True,,,,,,,,,True,,,,,,,,,,,,,True,True,True,True,True,,,,,,,,,,,,,,,,,,,,,,,True,,,,,,,,,,,,,,,,,,,,,,,,,,,,,,,,,,,,,,,,,,,,,True,True,,,,True,,,,,,,,,,,,,,,,,,,,,,,,,,,,,True,True,True,,,,,,,,,,,,,,,,,,,,,,,,,,,,,,,,,,,,,,,,,,,,,,,,,,,,,,,,,,,,,,,,,,,,,,,,,,,,,,,,,,,,,,,,,,,,,,,,,,,,,,,,,,,,,,,,,,,,,,,,,,,,5.0,,,True,False,False,138293.0,0
21,244160,Homeworld Remastered Collection,https://isthereanydeal.com/game/homeworldremasteredcollection/history/,0,False,True,True,,,,,,,,,,,,,,,,,,True,True,True,True,True,,,,,,,,True,,,True,,,,,,,,,,,,,,,,,,,,,,,,,True,,,,,,,,,,,,,,,,,,,,,,,,,,,,,,,,,,,,,,,,,,,,,True,True,,,,,,,,,,,True,,,,,,True,,,,,,,,,,,,,,,,,,,True,,,,,,,,,,,,,,,,,,,,,,,,,,,,,,,,,,,,,,,,,,,,,,,,,,,,,,,,,,,,,,,,,,,,,,,,,,,,,,,,,,,,,,,,,,,,,,,,,,,,,,,,,,,,,,,,,,,,,,,,,,,3.0,,0.86,True,False,False,8484.0,2
22,1328670,Mass Effect™ Legendary Edition,https://isthereanydeal.com/game/masseffectlegendaryedition/history/,16+,False,True,True,True,,,,,,True,,True,,,,,,,,,,,,,,,,,,,,,,,,,,,,,,,,,,,,,,,,,,,,,,,,,,,,,,,,,,,,,,,,,,,,,,,,,full,True,,,,,,,,,True,,,,,,,,,,,,,,,,,,,,,,,,,,,,,,,,,,,,,,,,,,,,,,,,,True,True,True,True,True,True,True,True,True,True,,,,,,,,,,,,,,,,,,,,,,,,,,,,,,,,,,,,,,,,,,,,,,,,,,,,,,,,,,,,,,,,,,,,,,,,,,,,,,,,,,,,,,,,,,,,,,,,,,,,,,,,,,,,,,,,,3.0,,0.86,True,False,False,21670.0,0
23,413150,Stardew Valley,https://isthereanydeal.com/game/stardewvalley/history/,0,False,True,True,True,,,,True,True,,,True,,,,,,,,,True,True,True,True,True,,,,True,True,,True,True,True,,True,,,True,True,,,,,,,,,,,,,,,,,True,,,,True,,,,,,,,,,,,,,,,,,,,,,,,full,True,,,,,,,,,,,,,,,,,,,,True,,,,True,True,,,True,,,,,,,,,,,True,,,,,,,,,,True,,,,,,,,,,,,,,,,,,,True,True,True,,,,,,,,,,,,,,,,,,,,,,,,,,,,,,,,,,,,,,,,,,,,,,,,,,,,,,,,,,,,,,,,,,,,,,,,,,,,,,,,,,,,,,,,,,,,,,,,,,,,,,,,,,,,,,1.0,,0.89,True,True,True,353325.0,1
24,1092790,Inscryption,https://isthereanydeal.com/game/inscryption/history/,0,False,True,True,True,,,,,,,True,,,,,,,,,,True,True,True,True,True,,,,True,True,,True,True,True,True,,,,,,,,,,,,,,,,,,,,,,True,,,,True,,,,,,,,,,,,,,,,,,,,,,,,,,,,,,,,,,,,,,,,,,,,,,True,,,,True,,,,,,,,,,,,,,,,,,,,,,,,,,,,,,,,,,,,,,,,,,,,,,True,True,,,,,,,,,,,,,,,,,,,,,,,,,,,,,,,,,,,,,,,,,,,,,,,,,,,,,,,,,,,,,,,,,,,,,,,,,,,,,,,,,,,,,,,,,,,,,,,,,,,,,,,,,,,1.0,2.0,,,True,False,False,36443.0,1
25,1140290,Murder by Numbers,https://isthereanydeal.com/game/murderbynumbers/history/,0,False,True,True,True,,,,,,,True,,,,,,,,,,True,,,,,,,,True,,,,,,,,,,,,,,,,,,,,,,,,,,,,True,,,,True,,,,,,,,,,,,,,,,,,,,,,,,full,True,,,,,,,,,,,,,,,,,,,,,,,,,,,,,,,,,,,,,,,,,,,,,,,,,,,,,,,,,,,,,,,,,,,,,,,,,True,True,,,,,,,,,,,,,,,,,,,,,,,,,,,,,,,,,,,,,,,,,,,,,,,,,,,,,,,,,,,,,,,,,,,,,,,,,,,,,,,,,,,,,,,,,,,,,,,,,,,,,,,,,,3.0,,0.79,True,False,False,692.0,1
26,1252330,DEATHLOOP,https://isthereanydeal.com/game/deathloop/history/,18,False,True,True,,,,,,,True,,,,,,,,,,,True,True,True,True,True,True,,,True,True,True,True,True,True,True,True,True,True,,,,,,,,,,,,,,,,,,,,,,,,,,,,,,,,,,,,,,,,,,,,,,,full,True,,,,,,,True,,,,,,,,,,,,,,,,,,,,,,,,,,,,,,,,,,,,,,,,,,,,,,,,,,,,,,,,,,,,,,,,,,,,True,True,,,,,,,,,,,,,,,,,,,,,,,,,,,,,,,,,,,,,,,,,,,,,,,,,,,,,,,,,,,,,,,,,,,,,,,,,,,,,,,,,,,,,,,,,,,,,,,,,,,,,,,,3.0,,0.86,True,False,False,12000.0,2
27,228360,Full Throttle Remastered,https://isthereanydeal.com/game/fullthrottleremastered/history/,0,False,True,True,True,,,,,,,True,,,,,,,,,,True,True,True,True,True,,,,,,,True,,,,,,,,,,,,,,,,,,,,,,,,,,,,,True,,,,,,,,,,,,,,,,,,,,,,,,full,True,,,,,,,,,True,,,,,,,,,,,,,,,,,,,True,,,,,,,,,,,,,,,,,,,,,,,,,,,,,,,,,,,,,,,,,,,,,,,,,True,True,True,,,,,,,,,,,,,,,,,,,,,,,,,,,,,,,,,,,,,,,,,,,,,,,,,,,,,,,,,,,,,,,,,,,,,,,,,,,,,,,,,,,,,,,,,,,,,,,,,,,,,1.0,,0.77,True,True,True,1631.0,0
28,570940,Dark Souls Remastered,https://isthereanydeal.com/game/darksoulsremastered/history/,0,False,True,True,,,,,True,True,True,,,,,,,,,,,True,True,True,True,True,,,,True,True,True,True,True,True,True,True,,,,,,,,,,,,,,,,,,,,,,,,,,,,,,,,,,,,,,,,,,,,,,,,,full,True,,,,,,,,,True,,,,,True,,,,,,,,,,,,,,,,,,,,,,,,,,,,,,,,,,,,,,,,,,,,,,,,,,,,,,,,,,,,,,,,,,True,True,,,,,,,,,,,,,,,,,,,,,,,,,,,,,,,,,,,,,,,,,,,,,,,,,,,,,,,,,,,,,,,,,,,,,,,,,,,,,,,,,,,,,,,,,,,,,,,,,,,1.0,,,True,False,False,34697.0,0
29,1517290,Battlefield™ 2042,https://isthereanydeal.com/game/battlefieldii0ivii/history/,0,False,,True,True,,True,,,,True,True,,,,,,,,,,True,True,True,True,True,True,,,True,True,True,True,True,True,True,True,True,True,True,True,,,,,,,,,,,,,,,,True,,,,,,,,,,,,,,,,,,,,,,,,,,,,,full,True,,,,,,,True,,,,,,,,,,,,,,,,,,,,,,,,,,,,,,,,,,,,,,,,,,,,,,,,,,,,True,,,,,,,,,,,,,,,,,,,,,,,True,,,,,,,,,,,,,,,,,,,,,,,,,,,,,,,,,,,,,,,,,,,,,,,,,,,,,,,,,,,,,,,,,,,,,,,,,,,,,,,,,,,,,,,,,,,,,,,,,,5.0,,,True,False,False,76221.0,2
30,493520,GTFO,https://isthereanydeal.com/game/gtfo/history/,18,False,,,True,,,True,,,True,,,,,,,,,,,True,True,True,True,True,,,,True,True,True,True,True,True,True,True,,,True,True,,,,,,,,,,,,,,,,,,,,,,,,,,,,,,,,,,,,,,,,,,,,,,,,,,,,,,,,,,,,,,,,,,,,,,,,,,,,,,,,,,,,,,,,,,,,,,,,,,,,,,,,,,,,,,,,,,,,,,,,,,,,,,,,,True,True,,,,,,,,,,,,,,,,,,,,,,,,,,,,,,,,,,,,,,,,,,,,,,,,,,,,,,,,,,,,,,,,,,,,,,,,,,,,,,,,,,,,,,,,,,,,,,,,1.0,,,True,False,False,22958.0,0
31,1190460,Death Stranding,https://isthereanydeal.com/game/deathstranding/history/,0,False,True,True,,,,,,,True,True,,,,,,,,,,True,True,True,True,True,True,True,True,True,True,True,True,True,True,True,,,,,,,,,,,,,,,,,,,,,,,,,,True,,,,,,,,,,,,,,,,,,,,,,,,full,True,,,,,,True,True,,,,,,,,,,,,,,,,,True,True,,,,,,,,,,,,,,,,,,,,,,,,,,,,,,,,,,,,,,,,,,,,,,,,,,,,,,,,,,,,True,True,True,,,,,,,,,,,,,,,,,,,,,,,,,,,,,,,,,,,,,,,,,,,,,,,,,,,,,,,,,,,,,,,,,,,,,,,,,,,,,,,,,,,,,,,,,,,,,7.0,,0.86,True,False,False,46058.0,2
32,1113560,NieR Replicant™ ver.1.22474487139...,https://isthereanydeal.com/game/nierreplicantveriiiiiivviiivivviiiviiiiiiix/history/,18,False,True,True,True,,,True,,,True,True,True,,,,,,,,,True,True,True,True,True,,,,True,True,,,,True,True,,,,,,,,,,,,,,,,,,,,,,,,,,,,,,,,,,,,,,,,,,,,,,,,,,,,,,,,,,,,,,,,,,,,,,,,,,,,,,,,,,,,,,,,,,,,,,,,,,,,,,,,,,,,,,,,,,,,,,,,,,,,,,,,,,,,,,,,,,,True,True,True,,,,,,,,,,,,,,,,,,,,,,,,,,,,,,,,,,,,,,,,,,,,,,,,,,,,,,,,,,,,,,,,,,,,,,,,,,,,,,,,,,,,,,,,,,7.0,,,True,False,False,11480.0,1
33,1115690,"Yes, Your Grace",https://isthereanydeal.com/game/yesyourgrace/history/,0,False,True,True,True,,,,True,True,,True,True,,,,,,,,,True,True,,True,,,,,True,,True,,True,True,,,,,,,,,,,,,,,,,,,,,,,,,,,,,,,,,,,,,,,,,,,,,,,,,,,,,,,,,,,,,,,,,,,,,,,,True,True,,,,,,,,,,,,,,,,,,,,,,,,,,,,,,,,,,,,,,,,,,,,,,,,,,,,,,,,,,,,,,,,,,,,,,True,True,,,,,,,,,,,,,,,,,,,,,,,,,,,,,,,,,,,,,,,,,,,,,,,,,,,,,,,,,,,,,,,,,,,,,,,,,,,,,,,,,,,,,,,,1.0,,,True,True,False,5166.0,2
34,1426210,It Takes Two,https://isthereanydeal.com/game/ittakestwo/history/,0,False,,True,True,,,,,,True,True,,,,,,,,,,True,True,True,True,True,,,,True,True,True,True,True,True,True,True,,,True,True,,,,,,,,,,,,,,,,,,,,,,,,,,,,,,,,,,,,,,,,,,,,,full,True,,,,,,,,,,,,,,,,,,,,,,,,,,,,True,,,,,,,,,,,,,,,,,,,,,True,,,,,,,,,,True,,,,,,,,,True,,,,,,,,,,,,,,,,,,,,,,,,,True,,,,,,,,,,,,,,,,,,,,,,,,,,,,,,,,,,,,,,,,,,,,,,,,,,,,,,,,,,,,,,,,,,,,,,,,,,,,,,,,,,,,,,1.0,4.0,,0.88,True,False,False,51895.0,0
35,613100,House Flipper,https://isthereanydeal.com/game/houseflipper/history/,0,False,True,True,True,,,,,True,,,,,,,,,,,,True,True,True,True,True,,True,True,True,True,True,True,True,True,True,,,,,,,,,,,,,,,,,,,,,,True,,,True,True,,,,,,,,,,,,,,,,,,,,,,,,full,True,,,,,True,,,,,,,,,,,,,,,True,,,,True,True,,,,,,,True,,,True,,,,,,,,,,,,,,,,,,,,,,,,,,,,,,,,,,,,,,,,,,,,,,,,,,,,True,,,,,,,True,True,True,,,,,,,,,,,,,,,,,,,,,,,,,,,,,,,,,,,,,,,,,,,,,,,,,,,,,,,,,,,,,,,,,,,,,,,,,,,,,,,,,,,,2.0,,0.68,True,True,False,46002.0,7
36,1147550,Not For Broadcast,https://isthereanydeal.com/game/notforbroadcast/history/,0,False,True,True,True,True,,,,,,True,,,,,,,,,,True,True,,True,True,,,,,,,True,True,True,,,,,,,,,,,,,,,,,,,,,,,True,,,,True,,,,,,,,,,,,,,,,,,,,,,,,full,True,,,,,,,,,,,,,,,,,,,,True,,,,,,,,,,,,,,,,,,,,,,,,,,,,,,,,,,True,,,,,,,,,,,,,,,,,,,,,,,,,,,,,,,,,,,,,,,,,,,True,True,,,,,,,,,,,,,,,,,,,,,,,,,,,,,,,,,,,,,,,,,,,,,,,,,,,,,,,,,,,,,,,,,,,,,,,,,,,,,,,,,,6.0,,,True,False,False,4819.0,1
37,753640,Outer Wilds,https://isthereanydeal.com/game/outerwilds/history/,0,False,True,True,True,,,,True,True,True,True,,,,,,,,,,True,True,True,True,True,,,,True,True,True,True,True,True,,,,,,,,,,,,,,,,,,,,,,,,,,,True,,,,,,,,,,,,,,,,,,,,,,,,full,True,,,,,,,True,,True,,,,,,,,,,,,,,,,True,,,,,,,,,,,,,,,,,,,,,,,,,,,,,,,,,,,,,,,,,,,,,,,,,,,,,,,,,,,,,,,,,,,,,,,,,,True,True,,,,,,,,,,,,,,,,,,,,,,,,,,,,,,,,,,,,,,,,,,,,,,,,,,,,,,,,,,,,,,,,,,,,,,,,,,,,,,,,2.0,,0.85,True,False,False,27352.0,2
38,1088850,Marvel's Guardians of the Galaxy,https://isthereanydeal.com/game/marvelsguardiansofgalaxy/history/,0,False,True,True,,,,,,,True,True,,,,,,,,,,True,True,True,True,True,True,,,True,True,True,True,True,True,True,,,,,,,,,,,,,,,,,,,,,,,,,,True,,,,,,,,,,,,,,,,,,,,,,,,full,True,,,,,,,True,,,,,,,,,,,,,,,,,,,,,,,,,,,,,,,,,,,,,,,,,,,,,,,,,,,,,,,,,,,,,,,,,,,,,,,,,,,,,,,,,,,True,,,,,,,,,,,True,,,,,,,,,,,,,,,,,,,,,,,,,,,,,,,,,,,,,,,,,,,,,,,,,,,,,,,,,,,,,,,,,,,,,,,,,,,,,,,6.0,,,True,False,False,9512.0,1
39,397540,Borderlands 3,https://isthereanydeal.com/game/borderlandsiii/history/,18,False,True,True,True,,,,True,True,True,,True,,,,,,,,,True,True,True,True,True,,,,True,True,,True,True,True,True,True,,,True,True,,,,,,,,,,,,,,,,,,,,,True,,,,,,,,,,,,,,,,,,,,,,,,full,True,,,,,,,,,True,,,,,,,,,,,,,,,,,,,,,,,,,,,,,,True,,,,,,,,,,,,,,,,,,True,,,,,,,,,,,,,,,,,,,,,,,,,,,,,,,,,,,,,,,,,,,,,True,True,,,,,,,,,,,,,,,,,,,,,,,,,,,,,,,,,,,,,,,,,,,,,,,,,,,,,,,,,,,,,,,,,,,,,,,,,,,,,1.0,,0.81,True,False,False,70694.0,21
40,457140,Oxygen Not Included,https://isthereanydeal.com/game/oxygennotincluded/history/,0,False,True,,True,,,,,,,,,,,,,,,,,True,,,,,,,,,True,,,True,True,,,,,,,,,,,,,,,,,,,,,,,True,,,,,,,,,,,,,,,,,,,,,,,,,,,,,,,,,,,,,,,,,,,,,,,,,True,,,,,,,,,,,,,,,,,,,,,,,,,,,,,,,,,,,,,,,,,,,,,,,,,,,,,,,,,,,,,,,,,,,,,,,,,,,,,,,,,,,,True,True,,,,,,,,,,,,,,,,,,,,,,,,,,,,,,,,,,,,,,,,,,,,,,,,,,,,,,,,,,,,,,,,,,,,,,,,,,,8.0,,0.86,True,True,True,72196.0,2
41,358210,Monster Bash,https://isthereanydeal.com/game/monsterbash/history/,0,False,True,,,,,True,,,True,,,,,,,,,,,True,,,,,,,,,,,,,,,,,,,,,,,,,,,,,,,,,,,,,,,,,,,,,,,,,,,,,,,,,,,,,,,,,,,,,,,,,,,,,,,,,,,,,,,,,,,,,,,,,,,,,,,,,,,,,,,,,,,,,,,,,,,,,,,,,,,,,,,,,,,,,,,,,,,,,,,,,,,,,,,,,,,,,,,,,,,True,True,,,,,,,,,,,,,,,,,,,,,,,,,,,,,,,,,,,,,,,,,,,,,,,,,,,,,,,,,,,,,,,,,,,,,,,,,1.0,,,True,True,False,,0
42,381210,Dead by Daylight,https://isthereanydeal.com/game/deadbydaylight/history/,18,False,,True,True,,,,True,True,True,,,,,,,,,,,True,True,True,True,True,,,,True,True,True,True,True,True,True,True,True,True,True,True,,,,,,,,,,,,,,,,,,,,,True,,,,,,,,,,,,,,,,,,,,,,,,full,True,,,,,,,True,,True,,,,,,,,,,True,,,,,,True,,,,,,,,,,,,,,,,,,,,,,,,,,,,,,,,,,,,,,,,,,,,,,,,,,,,,,,,,,,,,,,,,,,,,,,,,,,,,,,,,,,True,True,,,,,,,,,,,,,,,,,,,,,,,,,,,,,,,,,,,,,,,,,,,,,,,,,,,,,,,,,,,,,,,,,,,,,,,7.0,,,True,False,False,404009.0,32
43,286160,Tabletop Simulator,https://isthereanydeal.com/game/tabletopsimulator/history/,0,False,True,True,True,,,,,,,,True,,,,,,,,,True,,,,,,,,,,,,,,,True,True,True,True,True,,,,,,,,,,,,,,,,True,True,,,,True,,,,,,,,,,,,,,,,,,,,,,,,full,True,,,,,,,,,,,,,,,,,,,,True,True,,,,,,,True,,,,True,,,,,,,,True,,,,,,,,True,True,,,,,,,,,,,,,,,,,,,True,,,,,,,,,,,,,,,,,,,,,,,,,,,,,,,,,,True,,,,,,,,True,True,,,,,,,,,,,,,,,,,,,,,,,,,,,,,,,,,,,,,,,,,,,,,,,,,,,,,,,,,,,,,,,,,,,,,4.0,,,True,True,True,29517.0,46
44,733790,Not Tonight,https://isthereanydeal.com/game/nottonight/history/,0,False,True,True,,,,,,,,True,True,,,,,,,,,True,True,,,True,,,,True,,,,,True,,,,,,,,,,,,,,,,,,,,,,,,,,,True,,,,,,,,,,,,,,,,,,,,,,,,,,,,,,,,,,,,,,,,,,,,,True,,,,,,,,,,,,,,,,,,,,,,,,,,,,,,,,,,,,,,,,,,,,,,,,,,,,,,,,,,,,,,,,,,,,,,,,True,,,,,,,,,,,,,,,,,,,,True,,,,,,,,,,,,,,,,,,,,,,,,,,,,,,,,,,,,,,,,,,,,,,,,,,,,,,,,,,,,,,,,,,,,1.0,,0.71,True,False,False,1261.0,2
45,740130,Tales of Arise,https://isthereanydeal.com/game/talesofarise/history/,0,False,True,True,True,,,,,,True,,True,,,,,,,,,True,True,True,True,True,,,,True,True,,True,True,,True,,,,,,,,,,,,,,,,,,,,,,,,,,True,,,,,,,,,,,,,,,,,,,,,,,,full,True,,,,,,,True,,,,,,,True,,,,,,,,,,,,,,,,,,,,,,,,,,,,,,,,,,,,,,,,,,,,,,,,,,,,,,,,,,,,,,,,,,,,,,,,,,,,,,,,,,,,,,,,,,,,,,,,,,,True,,,,,,,,,,,,,,,,,,,,,,,,,,,,,,,,,,,,,,,,,,,,,,,,,,,,,,,,,,,,,,,,,,1.0,4.0,,0.84,True,False,False,13672.0,26
46,1259420,Days Gone,https://isthereanydeal.com/game/daysgone/history/,18,False,True,True,,,,,,,True,True,,,,,,,,,,True,True,True,True,True,,True,True,True,True,True,True,True,,True,,,,,,,,,,,,,,,,,,,,,,,,,,True,,,,,,,,,,,,,,,,,,,,,,,,full,True,,True,True,True,True,True,True,True,,,,,,,,,,,,,,,,True,True,,,,,,,,,,,,,,,,,,,,,,,,,,,,,,,,,,,,,,,,,,,,,,,,,,,,,,,,,,,,,,True,,,,,,,,,,,,,,,,,,,,,,,,,,,True,,,,,,,,,,,,,,,,,,,,,,,,,,,,,,,,,,,,,,,,,,,,,,,,,,,,,,,,,,,,,,,,,,6.0,,,True,False,False,18268.0,0
47,1172380,STAR WARS Jedi: Fallen Order™,https://isthereanydeal.com/game/starwarsjedifallenorder/history/,0,False,True,True,True,,,,,True,True,True,,,,,,,,,,True,True,True,True,True,,,,True,True,True,True,True,True,True,,,,,,,,,,,,,,,,,,,,,,,,,,,,,,,,,,,,,,,,,,,,,,,,,,full,True,,,,,,,True,,True,,,,,,,,,,,,,,,,,,,,,,,,,,,,,,,,,,,,,,,,,,,,,,,,,,True,,,,,,,,,,,,,,,,,,,,,,,,,,,,,,,,,,,,,,,,,,,,,,,,,,,,,,,,True,,,,,,,,,,,,,,,,,,,,,,,,,,,,,,,,,,,,,,,,,,,,,,,,,,,,,,,,,,,,,,,,,2.0,,0.81,True,False,False,69401.0,0
48,581320,Insurgency: Sandstorm,https://isthereanydeal.com/game/insurgencysandstorm/history/,0,False,,True,True,,,True,,,True,,,,,,,,,,,True,True,True,True,True,,True,True,True,True,True,True,True,True,True,True,True,True,True,True,,,,,,,,,,,,,,,,,,,,,True,,,,,,,,,,,,,,,,,,,,,,,,,,,,True,True,True,True,True,True,,,,,,,,,,,True,,,,,True,True,,,,,,,,,,,,,,,,,,,,,,,,,,,,,,,,,,,,,,,,,,,,,,,,,,,,,,,,,,,,,,,,,,,,,,,,,,,,,,,,,,,,,,,,,,,True,True,True,,,,,,,,,,,,,,,,,,,,,,,,,,,,,,,,,,,,,,,,,,,,,,,,,,,,,,,,,,,,,,4.0,,0.78,True,False,False,66217.0,23
49,526870,Satisfactory,https://isthereanydeal.com/game/satisfactory/history/,0,False,True,,,,,,,True,,True,,,,,,,,,,True,True,True,True,True,True,True,True,True,True,True,True,True,True,True,True,,,True,True,,,,,,,,,,,,,,,,,True,,,True,True,,,,,,,,,,,,,,,,,,,,,,,,,,,,,True,,,,,,,,,,,,,,,,True,True,,,True,True,,,,,,,,,,,,,,,,,,,,,,,,,,,,,True,,,,,,,,,,,,,,,,,,,,,,,,,,,,,,,,,True,,,,,,,,,,,,,,,True,,,,,,,,,,,,,,,,,True,True,True,,,,,,,,,,,,,,,,,,,,,,,,,,,,,,,,,,,,,,,,,,,,,,,,,,,,,,,,,,,5.0,,,True,False,False,71295.0,0
50,602960,Barotrauma,https://isthereanydeal.com/game/barotrauma/history/,0,False,True,True,True,,,,,,True,,,,,,,,,,,True,True,,True,True,,,,True,True,True,True,True,True,True,True,True,True,True,True,,,,,,,,,,,,,,,,,True,,,,True,,,,,,,,,,,,,,,,,,,,,,,,,,,,,,,,True,,,,,,,,,,,,,True,True,,,,True,,,,,,,True,,,,,,,,True,,,,,,,,,,,,,,True,,,,,,,,,,,,,,,,,,,,,,,,,,,,,,,,,,,,,,,,,,,,,,,,,,,,,,,,,,,,,,,,,,,,True,True,True,,,,,,,,,,,,,,,,,,,,,,,,,,,,,,,,,,,,,,,,,,,,,,,,,,,,,,,,4.0,,,True,True,True,15996.0,2
51,844340,For The King Original Game Soundtrack,https://isthereanydeal.com/game/forkingoriginalgamesoundtrack/history/,0,False,True,,,,,,,,,True,True,,,,,,,,,True,True,True,True,True,,,,,,,True,True,True,True,True,True,True,True,True,,,,,,,,,,,,,,,,,True,,,,True,,,,,,,,,,,,,,,,,,,,,,,,,,,,,,,,,,,,,,,,,,,,,,True,,,,,,,,,,,,,,,,,,,,,,,,,,,True,True,,,,,,,,,,,,,,,,,,,True,,,,,,,,,,,,,,,,,,,,,,,,,,,,,,,,,,,,,,,,,,,,,,,,,,,,,,,,,True,True,True,,,,,,,,,,,,,,,,,,,,,,,,,,,,,,,,,,,,,,,,,,,,,,,,,,,,,,,,True,True,True,,0
52,275850,No Man's Sky,https://isthereanydeal.com/game/nomanssky/history/,0,False,True,True,,,,,,True,True,True,,,,,,,,,,True,True,True,True,True,,,True,True,True,True,True,True,True,True,True,True,True,True,True,,,,,,,,,,,,,,,,,,,,,True,,,,,,,,,,,,,,,,,,,,,,,,full,True,,,,,,True,,,True,,,,,,,,,,,,,,,,,,,,,,,,,,,,,,,,,,,,,,,,,,,,,,,,,,,,,,,,,,,,,,,,,,,,,,,,,,,,,,,,,,,,,,,,,,,,,,,,,,,,,,,,,,,,,,,,,,,,,,,True,True,,,,,,,,,,,,,,,,,,,,,,,,,,,,,,,,,,,,,,,,,,,,,,,,,,,14.0,,0.61,True,False,False,172766.0,0
53,1325200,Nioh 2 – The Complete Edition,https://isthereanydeal.com/game/niohiicompleteedition/history/,18,False,True,True,True,,,True,,,True,,True,,,,,,,,,True,True,True,True,True,,,,True,True,True,True,True,True,True,True,,,True,True,,,,,,,,,,,,,,,,,,,,,True,,,,,,,,,,,,,,,,,,,,,,,,,,,,,,,True,True,,,,,,,,,,,,,,,,,,,,,,,,,,,,,True,,,,,,,,,,,,,,,,,,,,,,,,,,,,,,,,,,,,,,,,,,,,,,,,,,,,,,,,,,,,,,,,,,,,,,,,,,,,,,,,True,,,,,,,,,,,,,,True,True,,,,,,,,,,,,,,,,,,,,,,,,,,,,,,,,,,,,,,,,,,,,,,,,,3.0,,0.86,True,False,False,18069.0,0
54,924970,Back 4 Blood,https://isthereanydeal.com/game/backivblood/history/,18,False,True,,,,,,,,True,,,,,,,,,,,True,True,True,True,True,True,,,True,True,True,True,True,True,True,True,True,True,True,True,,,,,,,,,,,,,,,,,,,,,,,,,,,,,,,,,,,,,,,,,,,,,full,True,,,,,,,True,,,,,,,,,,,,,,,,,,True,,,,,,,,,,,,,,,,,,,,,,,,,,,,,,,,,,,,,,,,,,,,,,,,,,,,,,,,,,,,,,,,,,,,,,,,,,,,,,,,,,,,,,,,,,,,,,,,,,,,,,,,,,,True,True,True,,,,,,,,,,,,,,,,,,,,,,,,,,,,,,,,,,,,,,,,,,,,,,12.0,,0.77,True,False,False,22094.0,1
55,588650,Dead Cells,https://isthereanydeal.com/game/deadcells/history/,0,False,True,True,True,,,,True,True,True,,,,,,,,,,,True,True,True,True,True,,,,True,True,,True,True,True,True,,,,,,,,,,,,,,,,,,,,,,True,,,,True,,,,,,,,,,,,,,,,,,,,,,,,full,True,,,,,,True,,,True,,,,,,,,,,,,,,,,True,,,,,,,True,,,,,,,,,,,,,,,,,,,,,,,,,,,,,,,,,,,,,,,,,,,,,,,,,,,,,,,,,,,,,,,,,,,,,,,,,,,,,,,,,,,,,,,,,,,,,,,,,,,,,,,True,True,,,,,,,,,,,,,,,,,,,,,,,,,,,,,,,,,,,,,,,,,,,,9.0,,0.89,True,True,True,79001.0,6
56,921570,OCTOPATH TRAVELER,https://isthereanydeal.com/game/octopathtraveler/history/,0,False,True,True,True,,,,True,True,,,True,,,,,,,,,True,True,True,True,True,,,,True,True,,,,True,True,,,,,,,,,,,,,,,,,,,,,,,,,,True,,,,,,,,,,,,,,,,,,,,,,,,full,True,,,,,,,,,True,,,,,,,,,,,,,,,,,,,,,,,,,,,,,,,,,,,,,,,,,,,,,,,,,,,,,,,,,,,,,,,,,,,,,,,,,,,,,,,True,,True,,,,,,,,,,,,,,,,,,,,,,,,,,,,,,,,,,,,,,,,,,,,,,,True,,,,,,,,,,,,,,,,,,,,,,,,,,,,,,,,,,,,,,,,,,,1.0,,0.8,True,False,False,7459.0,0
57,1384160,GUILTY GEAR -STRIVE,https://isthereanydeal.com/game/guiltygearstrive/history/,0,False,True,True,,,,,,,True,,,,,,,,,,,True,True,True,True,True,,,,True,True,,,,True,True,True,True,True,,,,,,,,,,,,,,,,,,,,,,,True,,,,,,,,,,,,,,,,,,,,,,,,full,True,,,,,,,,,,,,,,,,,,,,,,,,,,,,True,,,,,,,,,,,,,,,,,,,,True,True,True,,,,,,,,,,,,,,,,,,,,,,,,,,,,,,,,,,,,,,,,,,,,,,,,,,,,,,,,,,,,,,,,,,,,,,,,,,,,,,,,,,,,,,,,True,,,,,,,,,,,,,,,,,,,,,,,,,,,,,,,,,,,,,,,,,,15.0,,0.85,True,False,False,15161.0,5
58,250900,The Binding of Isaac Rebirth,https://isthereanydeal.com/game/bindingofisaacrebirth/history/,16,False,True,True,True,,,,,,True,,,,,,,,,,,True,,,,,,,,,,,,,,,True,,,,,,,,,,,,,,,,,,,,,,,,,True,,,,,,,,,,,,,,,,,,,,,,,,full,True,,,,,,,,,True,,,,,,,,,,,,,,,,,,,True,,,,,,,,,,,,,,,,,,,,,True,,,,,,,,,,,,,,,,,,,,,,,,,,,,,,,,,,,,,,,,,,,,,,,,,,,,,,,,,,,,,,,,,,,,,,,,,,,,,,,,,,,,,,,,,,True,True,True,,,,,,,,,,,,,,,,,,,,,,,,,,,,,,,,,,,,,,,1.0,,,True,True,True,159590.0,4
59,953880,First Class Trouble,https://isthereanydeal.com/game/firstclasstrouble/history/,0,False,,True,True,,,,,,,,,,,,,,,,,True,True,,True,True,,,,True,True,,True,True,True,True,True,True,True,True,True,,,,,,,,,,,,,,,,,True,,,,,,,,,,,,,,,,,,,,,,,,,,,,,,,,,,,,True,,,,,,,,,,,,True,,,,,,,,,,,,,,,,,,,,,,,,,,,,,,,,,,,,,,,,,,,,,,,,,,,,,,,,,,,,,,,,,,,,,,,,,,,,,,,,,,,True,,,,,,,,,,,,,,,,,,,,,,,,,,,,,,,,,,,,,,,,True,True,,,,,,,,,,,,,,,,,,,,,,,,,,,,,,,,,,,,,3.0,,,True,False,False,1692.0,7
60,894020,Death's Door,https://isthereanydeal.com/game/deathsdoor/history/,0,False,True,True,True,,,,,,True,True,True,,,,,,,,,True,True,,True,True,,,,True,True,,True,True,True,True,,,,,,,,,,,,,,,,,,,,,,True,,,,True,,,,,,,,,,,,,,,,,,,,,,,,full,True,,,,,,,,,,,,,,,,,,,,,,,,,,,,,,,,,,,,,,,,,,,,,,,,,,,,,,,,,,,,,,,,,,,,,,,,True,,,,,,,,,,,,,,,,,,,,,,,,,,,,,,,,,,,,,,,,,,,,,,,,,,,,,,,,,,,,,,,,,,,,,,,,True,,,,,,,,,,,,,,,,,,,,,,,,,,,,,,,,,,,,3.0,,0.85,True,False,False,6691.0,2
61,878670,Shenmue 3,https://isthereanydeal.com/game/shenmueiii/history/,0,False,True,True,,,,True,,,True,True,,,,,,,,,,True,True,True,True,True,,,,True,,,True,,True,True,,,,,,,,,,,,,,,,,,,,,,,,,,,,,,,,,,,,,,,,,,,,,,,,,,,,,,,,,,,,,,,,,,,,,,,,,,,,,,,,,,,,,,,,,,,,,,,,,,,,,,,,,,,,,,,,,,,,,,,,,,,,,,,,,,,,,,,,,,,,,,,,,,,,,,,,,,,,,,,,,,,,,,,,,,,,,,,,,,,,,,,,,,,,,,,,,,,,True,True,,,,,,,,,,,,,,,,,,,,,,,,,,,,,,,,,,1.0,,0.69,True,False,False,485.0,3
62,848450,Subnautica: Below Zero,https://isthereanydeal.com/game/subnauticabelowzero/history/,0,False,True,True,True,True,,,,,,True,,,,,,,,,,True,True,True,True,True,,True,,True,True,True,True,True,True,,,,,,,,,,,,,,,,,,,,,,,True,,,True,,,,,,,,,,,,,,,,,,,,,,,,,full,True,,,,True,,,True,,,,,,,,,,,,,,,,,True,True,,,,,,,,,,,,,,,,,,,,,,,,,,,,,,,,,,,,,,,,,,,,,,,,,,,,,,,,,,,,,,,,,,,,,,,,,,,,,,,,,,,,,,,,,,,,,,,,,,,,,,,,,,,,,,,,,,,,,,,,,,True,True,,,,,,,,,,,,,,,,,,,,,,,,,,,,,,,,3.0,,,True,True,False,55636.0,1
63,1172620,Sea of Thieves,https://isthereanydeal.com/game/seaofthieves/history/,0,False,,True,True,,True,True,True,True,True,True,,,,,,,,,,True,True,True,True,True,,,,True,True,True,True,True,True,True,True,True,True,True,True,,,,,,,,,,,,,,,,,,,,,,,,,,,,,,,,,,,,,,,,,,,,,,,,,,,,,True,,,,,,,,,,,,,,,,,,True,,,,,,,,,,,,,,,,,,,,,,,,,,,,,,,,,,,,,,,,,,,,,,,,,,,,,,,,,,,,,,,,,,,,,,,,,,,,,True,,,,,,,,,,,,,,,,,,,,,,,,,,,,,,,,,,,,,,,,,,,,,,,True,True,,,,,,,,,,,,,,,,,,,,,,,,,,,,,,12.0,,,True,False,False,155909.0,0
64,241600,Rogue Legacy,https://isthereanydeal.com/game/roguelegacy/history/,0,False,True,True,True,,,,,,True,True,True,,,,,,,,,True,True,,True,True,,,,,,True,True,True,True,,,,,,,,,,,,,,,,,,,,,,,True,,,,True,,,,,,,,,,,,,,,,,,,,,,,,full,True,,,,,,,,,True,,,,,,,,,,,,,,,,,,,,,,,,,,,,,,,,,,,,,,,,,,,,,,,,,,,,,,,,,,,,,,,,,,,,,,,,,,,,,,,,,,,,,,,,,,,,,,,,,,,,,,,,,,,,,,,,,,,,,,,,,,,,,,,,,,,,,,,,,,,,,,True,True,,,,,,,,,,,,,,,,,,,,,,,,,,,,1.0,,0.85,True,True,True,14419.0,0
65,1466860,Age of Empires IV,https://isthereanydeal.com/game/ageofempiresiv/history/,0,False,True,True,,,,,,,,,,,,,,,,,,True,True,True,True,True,,,,True,True,,True,True,True,True,True,True,True,True,True,,,,,,,,,,,,,,,,,,,,,,,,,,,,,,,,,,,,,,,,,,,,,,,,,,,,,True,,,,,,,,,,,,,,True,,,,True,,,,,,,,,,,,,,,,,,,,,,,,,,,,,,,,,,,,,,,,,,,,,,,,,,,,,,,,,,,,,,,,,,,,,,,,,,,,,True,,,,,,,,,,,,,,,,,,,True,,,,,,,,,,,,,,,,,,,,,,,,,,,,,True,,,True,True,,,,,,,,,,,,,,,,,,,,,,,,,,2.0,,0.81,True,False,False,19413.0,2
66,1158310,Crusader Kings III,https://isthereanydeal.com/game/crusaderkingsiii/history/,0,False,True,True,True,,,,,True,,,True,,,,,,,,,,,,,,,,,,,,,,,,True,True,True,,,,,,,,,,,,,,,,,,,,,,,True,,,,,,,,,,,,,,,,,,,,,,,,,,,,,,,,,,,,,,,,,,,,,True,True,,,,,,,,,,,True,,,,,,,,,,,,,,,,,,,,,,,,,,,,,,,,,,,,,,,,,,,,,,,,,,,,,,,,,,,,,,,,,,,,,,,,,,,,,,,,,,,,,,,,,,,,,,,,,,,,,,,,,,,,,,,,,,,,,,,,,,,True,True,True,True,True,True,True,True,True,,,,,,,,,,,,,,,,,4.0,,0.91,True,True,True,43162.0,2
67,292030,The Witcher 3: Wild Hunt,https://isthereanydeal.com/game/witcheriiiwildhunt/history/,0,False,True,True,True,,,,,True,,,True,,,,,,,,,True,True,True,True,True,True,True,,True,True,True,True,True,True,True,,,,,,,,,,,,,,,,,,,,,,,,,,True,,,,True,True,,,,,,,,,,,,,,,,,,,full,True,,,,,,,,,True,,,,,,,,,,,,,,,True,True,,,,,,,,,,,,,,,,,,,,,,,,,,,,,,,,,,,,,,,,,,,,,,,,,,,,,,,,,,,,,,,,,,,,,,,,,,,,,,,,,,,,,,,,,,,,,,,,,,,,,,,,,,,,,,,,,,,,,,,,,,,,,,,,,,,,,,,,,,,,,,,,,,,,,,,,,,,2.0,,0.93,True,False,False,534647.0,22
68,377160,Fallout 4,https://isthereanydeal.com/game/falloutiv/history/,17,False,True,True,,,,,True,True,,,True,,,,,,,,,True,True,True,True,True,,,,True,,True,True,True,,True,,,,,,,,,,,,,,,,,,,,,,,,,,True,,,,,,,,,,,,,,,,,,,,,,,,full,True,,,,,,,,,True,,,,,,,,,,,,,,,,,,,,,,,,,,,,,,,,,,,,,,,,,,,,,,,,,,,,,,,,,,,,,,,,,,,True,,,,,,,,,,,,,,,,,,,,,,,,,,,,,,,,,,,,,,,,,,,,,,,,,,,,,,,,,,,,,,,,,,,,,,,,,,,,,,,,,,,,,,,,True,,,,,,,,,,,,,,,,8.0,,0.84,True,False,False,165942.0,9
69,757310,Sable,https://isthereanydeal.com/game/sable/history/,0,False,True,True,,,,,,,,True,,,,,,,,,,True,True,,True,True,,,,,,,True,,True,,,,,,,,,,,,,,,,,,,,,,,True,,,,True,,,,,,,,,,,,,,,,,,,,,,,,full,True,,,,,,,,,,,,,,,,,,,,,,,,,,,,,,,,,,,,,,,,,,,,,,,,,,,,,,,,,,,,,,,,,,,,,,,,,,,,,,,,,,,,,,,,,,,,,,,,,,,,,,,,,,,,,,,,,,,,,,,,,,,,,,,,,,,,,,,,,,,,,,,,,,,,,,,,,,,,,,,,,,,,,True,True,True,,,,,,,,,,,,,3.0,,0.76,True,False,False,1237.0,0
70,489830,The Elder Scrolls V: Skyrim Special Edition,https://isthereanydeal.com/game/elderscrollsvskyrimspecialedition/history/,18,False,True,True,,,,True,True,True,,,True,,,,,,,,,True,True,True,True,True,,,,True,,True,,True,,True,,,,,,,,,,,,,,,,,,,,,,,,,,True,,,,,,,,,,,,,,,,,,,,,,,,,,,,,,,,,,,,,,,,,,,,,,,,,,,,,,,,,,,,,,,,,,,,,,,,,,,,,,,,,,,,,,,,,,,,,,,,,,,,,True,,,,,,,,,,,,,,,,,,,,,,,,,,,,,,,,,,,,,,,,,,,,,,,,,,,,,,,,,,,,,,,,,,,,,,,,,,,,,,,,,,,,,,,,True,,,,,,,,,,,,,,,,2.0,,0.74,True,False,False,90183.0,1
71,1222140,Detroit: Become Human,https://isthereanydeal.com/game/detroitbecomehuman/history/,18,False,True,True,,,,,,,True,True,,,,,,,,,,True,True,True,True,True,True,True,True,True,True,True,True,True,True,True,,,,,,,,,,,,,,,,,,,,,,,,,,True,,,,,,,,,,,,,,,,,,,,,,,,full,True,,,True,True,True,True,True,True,True,,,,,,,,,,,,,,,True,True,,,,,,,,,,,,,,,,,,,,,,,,,,,,,,,,,,,,,,,,,,,,,,,,,,,,,,,,,,,,,,True,,,,,,,,,,,,,,,,,,,,,,,,,,,,,,,,,,,,,,,,,,,,,,,,,,,,,,,,,,,,,,,,,,,,,,,,,,,,,,,,,True,True,,,,,,,,,,1.0,1.0,,0.8,True,False,False,35258.0,0
72,1030840,Mafia: Definitive Edition,https://isthereanydeal.com/game/mafiadefinitiveedition/history/,18,False,True,True,,,,,,True,True,True,,,,,,,,,,True,True,True,True,True,,True,,True,True,True,True,True,True,True,,,,,,,,,,,,,,,,,,,,,,,,,,True,,,,,,,,,,,,,,,,,,,,,,,,full,True,,,,,,,True,,,,,,,,,,,,,,,,,,,,,,,,,,,,,,,,,,,,,,,,,,,,,,,,,,,,,,,,,,,,,,,,,,,,,,,,,,,,,,,,,,,,,,,,,,,,,,,,True,,,,,,,,,,,,,,,,,,,,,,,,,,,,,,,,,,,,,,,,,,,,,,,,,,,,,,,,,,,,,,,,,,,True,,,,,,,,,,4.0,,,True,False,False,26826.0,1
73,686810,Hell Let Loose,https://isthereanydeal.com/game/hellletloose/history/,0,False,,True,,,,True,,,True,,,,,,,,,,,True,True,,True,True,,,,True,True,True,True,True,True,True,True,True,True,,,,,,,,,,,,,,,,,,,True,,,,,,True,,,,,,,,,,,,,,,,,,,,,,,,,,,,,,,,,,,,,,,,,,,True,True,,,,,,,,,,,,,,,,,,,,,,,,,,,,,,,,,,,,,,,,,,,,,,,,,,,,,,,,,,,,,,,,,,,,,,,,,,,,,,,,,,,,,,,,,,,,,,,,,,,,,,,,,,,,,,,,,,,,,,,,,,,,,,,,,,,,,,,,,,,,,,,,,,,,,,True,True,,,,,,,,2.0,,0.79,True,False,False,38270.0,7
74,1426300,The Binding of Isaac: Repentance,https://isthereanydeal.com/game/bindingofisaacrepentance/history/,16,False,True,True,True,,,,,,True,True,True,,,,,,,,,True,,,,,,,,,,,,,,,True,,,,,,,,,,,,,,,,,,,,,,,,,True,,,,,,,,,,,,,,,,,,,,,,,,full,True,,,,,,,,,True,,,,,,,,,,,,,,,,,,,True,,,,,,,,,,,,,,,,,,,,,True,,,,,,,,,,,,,,,,,,,,,,,,,,,,,,,,,,,,,,,,,,,,,,,,,,,,,,,,,,,,,,,,,,,,,,,,,,,,True,,,,,,,,,,,,,,True,True,True,,,,,,,,,,,,,,,,,,,,,,,,,,,,,,,,,,,,,,,2.0,,,True,False,False,7940.0,0
75,1222670,The Sims 4,https://isthereanydeal.com/game/simsiv/history/,0,False,True,,True,,,,,True,,,,,,,,,,,,True,True,True,True,True,,True,True,True,True,True,True,True,True,True,,,,,,,,,,,,,,,,,,,,,True,,,,,,,,,,,,,,,,,,,,,,,,,,,,,,,,,True,True,True,,,True,,,,,,,,,,,,True,,,,,,,,,,,,,,,,,,,,,,,,,,,,,,,,,,,,,,,True,,,,,,,,,,,,,,,,,,,,,,,,,,,,,,,,,,,,,,,,,,,,,,,,,,,,,,,,,,,,,,,,,,,,,,,,,,,,,,,,,,,,,,,,,,,,,,,,,,,,,,,,,,,,,,,,,,True,,,,,,1.0,4.0,,,True,False,False,32403.0,50
76,34900,Bad Rats: the Rat's Revenge,https://isthereanydeal.com/game/badratsratsrevenge/history/,0,False,True,True,True,,,,,,,,,,,,,,,,,True,,,,,,,,,,,,,,,,,,,,,,,,,,,,,,,,,,,,True,,,,,,,,,,,,,,,,,,,,,,,,,,,,,,,,,,,,,,,,,,,,,,,,,,,,,,,,,,,,,,,,,,,,,,,,,,,,,,,,,,,,,,,,,,,,,,,,,,,,,,,,,,,,,,,,,,,,,,,,,,,,,,,,,,,,,,,,,,,,,,,,,,,,,,,,,,,,,,,,,,,,,,,,,,,,,,,,,,,,,,,,,,,,,,,,,,,,,,,,,,,True,True,,,,1.0,,,,True,False,False,6888.0,0
77,1184370,Pathfinder: Wrath of the Righteous,https://isthereanydeal.com/game/pathfinderwrathofrighteous/history/,0,False,True,True,True,,,,,,,True,True,,,,,,,,,True,True,,True,True,,,,,,,,True,True,,,,,,,,,,,,,,,,,,,,,,,True,,,,True,,,,,,,,,,,,,,,,,,,,,,,,,,,,,,,,,,,,,,,,,,,,,,True,,,,,,,,,,,,,,,,,,,,,,,,,,,,,,,,,,,,,,,,,,,,,,,,,,,,,,,,,,,,,,,,,,,,,,,,,,,,,,,,,,,,,,,,,,,,,,,,,,,,,,,,,,,,,,,,,,,,,,,,,,,,,,,,,,,,,,,,,,,,,,,,,,,,,,,,,,,True,True,True,,4.0,,0.83,True,True,False,12134.0,4
